file,docid,portal_name,portal_folder,bytes,sha256,source_url,retrieved_utc,note
revenue-report-2018.pdf,194398,Revenue Report 2018,\Central Records\Finance\Reports\Revenue Reports,617609,25a01ccd1618d47d360665613eb0673c5883bdfbca2fa87142342ea3a5c1632c,https://documents.bouldercolorado.gov/WebLink/ElectronicFile.aspx?docid=194398&dbid=0&repo=LF8PROD2,2026-10-06T06:24:40Z,
revenue-report-2019.pdf,194399,Revenue Report 2019,\Central Records\Finance\Reports\Revenue Reports,629675,188c74ed71c935995ff7755a2320a1df3359b5e175a478c812482c95f70d5cbc,https://documents.bouldercolorado.gov/WebLink/ElectronicFile.aspx?docid=194399&dbid=0&repo=LF8PROD2,2026-10-06T12:44:54Z,
revenue-report-2020.pdf,194400,Revenue Report 2020,\Central Records\Finance\Reports\Revenue Reports,1322800,7143b1ad2277019b8e3bc6281a04eb5054421d8930d4af6862f4308890f31b6f,https://documents.bouldercolorado.gov/WebLink/ElectronicFile.aspx?docid=194400&dbid=0&repo=LF8PROD2,2026-10-06T12:45:24Z,
revenue-report-2021-12.pdf,194358,Revenue Report 2021.12,\Central Records\Finance\Reports\Revenue Reports\2021,913457,ef88a1043ec4783bf85d63786d7b50617f405a412b3867b0499f05921250062b,https://documents.bouldercolorado.gov/WebLink/ElectronicFile.aspx?docid=194358&dbid=0&repo=LF8PROD2,2026-10-06T12:45:54Z,
revenue-report-2022-12.pdf,194371,Revenue Report 2022.12,\Central Records\Finance\Reports\Revenue Reports\2022,635976,db47ecab373fb4caddc9cb246197a68c45774465c013c8ffe2549496102d6930,https://documents.bouldercolorado.gov/WebLink/ElectronicFile.aspx?docid=194371&dbid=0&repo=LF8PROD2,2026-10-06T12:46:24Z,
revenue-report-2023-12.pdf,194384,Revenue Report 2023.12,\Central Records\Finance\Reports\Revenue Reports\2023,1797079,e34c6b66bc2fcf9b63a85d03b2cc88f1d95eb9cf068e88c9c1bcf8a4d0df4515,https://documents.bouldercolorado.gov/WebLink/ElectronicFile.aspx?docid=194384&dbid=0&repo=LF8PROD2,2026-10-06T06:28:37Z,
revenue-report-2024-12.pdf,194397,Revenue Report 2024.12,\Central Records\Finance\Reports\Revenue Reports\2024,723920,8d32866d813857526e9978f54c16e35f7f2b7a447401cbeabb4fd580c80fc68d,https://documents.bouldercolorado.gov/WebLink/ElectronicFile.aspx?docid=194397&dbid=0&repo=LF8PROD2,2026-10-06T06:24:30Z,
council-minutes-2000-12-05.pdf,151956,Minutes - Dec-05-2000,\Central Records\City Council\Signed Minutes\2000,334053,597009ea8c78dbc31ecd37981d94dfe49ae3bce35e7e7c37f3bdc1a31e4da5f2,https://documents.bouldercolorado.gov/WebLink/DocView.aspx?id=151956&dbid=0&repo=LF8PROD2,2026-10-06T13:39:51Z,"Scanned pages that the portal stores as images, not as a PDF file, so ElectronicFile.aspx returns an empty body. The portal's document viewer made this PDF on request (GeneratePDF10.aspx, then PDF10/<key>/<docid>), and every download has new bytes and a new hash: compare page images, not hashes. source_url is the record in the viewer."
council-minutes-2000-12-19.pdf,151958,Minutes - Dec-19-2000,\Central Records\City Council\Signed Minutes\2000,302930,118dc5716dcada1ddc7e3556823bfe5dc99bd68648cc3540fd960aafb4064344,https://documents.bouldercolorado.gov/WebLink/DocView.aspx?id=151958&dbid=0&repo=LF8PROD2,2026-10-06T13:46:48Z,"Scanned pages that the portal stores as images, not as a PDF file, so ElectronicFile.aspx returns an empty body. The portal's document viewer made this PDF on request (GeneratePDF10.aspx, then PDF10/<key>/<docid>), and every download has new bytes and a new hash: compare page images, not hashes. source_url is the record in the viewer."
council-minutes-2018-12-04.pdf,167729,City Council Minutes - 2018-12-04,\Central Records\City Council\Signed Minutes\2018\12 DEC,4942169,9bcba5f6dd96064cb25af132fa1c8d474fa2a0c12bfad1ff96cf679e06ecfcf9,https://documents.bouldercolorado.gov/WebLink/ElectronicFile.aspx?docid=167729&dbid=0&repo=LF8PROD2,2026-10-06T12:47:55Z,
council-minutes-2019-12-03.pdf,171733,City Council Minutes - 2019-12-03,\Central Records\City Council\Signed Minutes\2019\12 DEC,5274265,44b35c0819f3e0dbe446d046f101115b1348f6f80572047a4ac43c1e987803be,https://documents.bouldercolorado.gov/WebLink/ElectronicFile.aspx?docid=171733&dbid=0&repo=LF8PROD2,2026-10-06T12:49:54Z,
council-minutes-2020-12-01.pdf,174467,City Council Minutes - 12.01.20,\Central Records\City Council\Signed Minutes\2020\12 DEC,299266,94c6e23635fe8cfb3b37a040264113a71b5c68143dd34de8c818e231de536a87,https://documents.bouldercolorado.gov/WebLink/ElectronicFile.aspx?docid=174467&dbid=0&repo=LF8PROD2,2026-10-06T12:59:18Z,
council-minutes-2020-12-15.pdf,174713,City Council Minutes - 12.15.20,\Central Records\City Council\Signed Minutes\2020\12 DEC,216810,5ed4484ccf7eea49ce18f631140320c9cc8f54c13fe5e700fb4244d3bcedf612,https://documents.bouldercolorado.gov/WebLink/ElectronicFile.aspx?docid=174713&dbid=0&repo=LF8PROD2,2026-10-06T13:00:17Z,
council-minutes-2021-12-14.pdf,178694,City Council Minutes - 12.14.2021,\Central Records\City Council\Signed Minutes\2021\12 DEC,246772,ada9912f7b9ca4af4ad33d4f0a75288797090d657209c07adbe928d6e342b561,https://documents.bouldercolorado.gov/WebLink/ElectronicFile.aspx?docid=178694&dbid=0&repo=LF8PROD2,2026-10-06T13:03:17Z,
council-minutes-2022-12-01.pdf,181343,City Council Minutes - 12.01.2022,\Central Records\City Council\Signed Minutes\2022\12 DEC,417535,85c4e98b55d13d2f14a3a54e8e6a3a604a08c7b4767262f86d03b19dce21a93c,https://documents.bouldercolorado.gov/WebLink/ElectronicFile.aspx?docid=181343&dbid=0&repo=LF8PROD2,2026-10-06T13:06:18Z,
council-minutes-2022-12-15.pdf,181342,City Council Minutes - 12.15.2022,\Central Records\City Council\Signed Minutes\2022\12 DEC,439179,8ce2ee3cb481f0a1e1b5adebcb5a262225e5fe65dd5c2013db664e8934e0bad3,https://documents.bouldercolorado.gov/WebLink/ElectronicFile.aspx?docid=181342&dbid=0&repo=LF8PROD2,2026-10-06T13:07:18Z,
council-minutes-2023-12-07.pdf,184282,City Council Minutes - 12.07.23,\Central Records\City Council\Signed Minutes\2023\12 DEC,272093,b6ef8fc9b417cc262a0805097ebe76793a96cd4c361ba9eb1df726965d49db7b,https://documents.bouldercolorado.gov/WebLink/ElectronicFile.aspx?docid=184282&dbid=0&repo=LF8PROD2,2026-10-06T13:10:17Z,
council-minutes-2023-12-21.pdf,184283,City Council Minutes - 12.21.23,\Central Records\City Council\Signed Minutes\2023\12 DEC,263501,40bdebb589d4dc10593fcbcd6d05400d8517b7a2f895d805efd261c322fcdc0c,https://documents.bouldercolorado.gov/WebLink/ElectronicFile.aspx?docid=184283&dbid=0&repo=LF8PROD2,2026-10-06T13:11:17Z,
council-minutes-2024-12-05.pdf,190666,City Council Minutes - 12.05.24,\Central Records\City Council\Signed Minutes\2024\12 DEC,291638,e807c187c87323f7dd7c9f73c2ebad37c653402cce6606c80a9c27a837d5bdc6,https://documents.bouldercolorado.gov/WebLink/ElectronicFile.aspx?docid=190666&dbid=0&repo=LF8PROD2,2026-10-06T13:19:29Z,
council-minutes-2024-12-19.pdf,190667,City Council Minutes - 12.19.24,\Central Records\City Council\Signed Minutes\2024\12 DEC,268553,a8f4633e825b03ffc92dae65fecda3681b5ae85fb263a6718d87c040dfc830be,https://documents.bouldercolorado.gov/WebLink/ElectronicFile.aspx?docid=190667&dbid=0&repo=LF8PROD2,2026-10-06T13:20:29Z,
